id,name,province,district,municipality,latitude,longitude,category,summary,website,email,phone,verification_status,last_verified,source
kimberley,Kimberley,Northern Cape,Frances Baard,Sol Plaatje,-28.7282,24.7499,Knowledge Hub,"Provincial capital and ICT knowledge hub anchored by Sol Plaatje University, mLab, TVET capacity and business-support institutions.",,,,Source-derived — verify before public launch,,"NC ICT Ecosystem Presentation, page 3"
upington,Upington,Northern Cape,ZF Mgcawu,Dawid Kruiper,-28.4478,21.2561,GreenTech,Solar Valley and GreenTech opportunity zone linked to renewable-energy operations and the Orange River agricultural corridor.,,,,Source-derived — verify before public launch,,"NC ICT Ecosystem Presentation, page 4"
kathu,Kathu,Northern Cape,John Taolo Gaetsewe,Gamagara,-27.6917,23.0403,Mining 4.0,"Mining and Industry 4.0 centre for IoT, predictive maintenance, mine safety, fleet systems and automation support.",,,,Source-derived — verify before public launch,,"NC ICT Ecosystem Presentation, page 5"
postmasburg,Postmasburg,Northern Cape,John Taolo Gaetsewe,Tsantsabane,-28.3326,23.0807,Mining 4.0,"Iron-ore town within the mining belt, suited to remote operations, logistics, maintenance and supplier digitalisation.",,,,Source-derived — verify before public launch,,"NC ICT Ecosystem Presentation, page 2; nc_maps.py"
carnarvon,Carnarvon,Northern Cape,Pixley ka Seme,Kareeberg,-30.9568,22.1269,SKA / Data,"SKA and MeerKAT data-economy corridor focused on data engineering, AI/ML, remote sensing and rural connectivity.",,,,Source-derived — verify before public launch,,"NC ICT Ecosystem Presentation, page 6"
de-aar,De Aar,Northern Cape,Pixley ka Seme,Emthanjeni,-30.6502,24.0115,Logistics,"Rail junction and southern Northern Cape digital gateway for logistics technology, agriculture and remote digital services.",,,,Source-derived — verify before public launch,,"NC ICT Ecosystem Presentation, page 7"
kuruman,Kuruman,Northern Cape,John Taolo Gaetsewe,Ga-Segonyana,-27.4629,23.4399,Skills / Education,Regional skills and service point associated with NC Rural TVET and the wider mining-economy corridor.,,,,Source-derived — verify before public launch,,"NC ICT Ecosystem Presentation, page 2; nc_maps.py"
springbok,Springbok,Northern Cape,Namakwa,Nama Khoi,-29.6651,17.8837,Rural / Remote,"Namaqua service centre with opportunities in remote connectivity, IoT, renewable-energy maintenance and precision farming.",,,,Source-derived — verify before public launch,,"NC ICT Ecosystem Presentation, page 2; infographic; nc_maps.py"
calvinia,Calvinia,Northern Cape,Namakwa,Hantam,-31.4706,19.7757,Rural / Remote,"Remote Karoo location suited to rural communications, digital public services, agricultural platforms and distance learning.",,,,Source-derived — verify before public launch,,"NC ICT Ecosystem Presentation, page 2; nc_maps.py"
